Substructure,Fold,Importance,Central Atom
3218693969,0,0.02084514590831099,C
3218693969,0,0.02766999659423197,C
3218693969,0,0.016187744056174402,C
3218693969,0,0.004760915164901847,C
3218693969,0,0.015107138139788145,C
3217380708,0,-0.002245722877308509,C
3217380708,0,-0.004056436413899633,C
3217380708,0,0.01580800839649521,C
3217380708,0,0.024613031542906505,C
3217380708,0,0.013862216835287766,C
2968968094,0,-0.025497880946616536,C
2968968094,0,-0.01906466734175738,C
2968968094,0,-0.018197232393371787,C
2968968094,0,-0.016913819077652104,C
2968968094,0,-0.025869642468693943,C
2245384272,0,0.021351316302268053,C
2245384272,0,0.023216670366311476,C
2245384272,0,0.029398713733211013,C
2245384272,0,0.0009183810403732284,C
2245384272,0,0.04602490687153338,C
864942730,0,0.07032168284471041,O
864942730,0,0.03689627544106011,O
864942730,0,0.07508437184401018,O
864942730,0,0.09458330185714003,O
864942730,0,0.07774415473937912,O
2246728737,0,0.08498411367494141,C
2246728737,0,0.06428339721150444,C
2246728737,0,0.0401983522631113,C
2246728737,0,0.09150975764995439,C
2246728737,0,0.06544894920531852,C
2041434490,0,0.09608457751431121,N
2041434490,0,0.0975193736986556,N
2041434490,0,0.07826822262452848,N
2041434490,0,0.11284992647743763,N
2041434490,0,0.11457759016475799,N
2246699815,0,0.04046556327779305,C
2246699815,0,0.016479754449505335,C
2246699815,0,0.0223978507765894,C
2246699815,0,0.012841844150245585,C
2246699815,0,5.123440986420924e-05,C
2976033787,0,-0.006947332564715802,C
2976033787,0,-0.004886211021096654,C
2976033787,0,-0.0076971019046347955,C
2976033787,0,-0.011690725217766929,C
2976033787,0,-0.006465643584583791,C
2092489639,0,0.01878090599657889,N
2092489639,0,-0.008642984313919966,N
2092489639,0,0.010940674127079664,N
2092489639,0,0.013195898353260072,N
2092489639,0,0.0197436028154907,N
847961216,0,0.0064526335571417626,N
847961216,0,0.002197355119093025,N
847961216,0,0.0055869724562371825,N
847961216,0,0.007274959996932839,N
847961216,0,0.0016091431681140023,N
882399112,0,0.01764310886641507,F
882399112,0,0.048753306441360555,F
882399112,0,0.0054142284581713,F
882399112,0,0.040162735933458094,F
882399112,0,0.017941254461756984,F
864674487,0,-0.0002037661414246994,O
864674487,0,0.0018046071957522614,O
864674487,0,0.00262061658802637,O
864674487,0,0.03354646426176877,O
864674487,0,-0.004158727080919911,O
864662311,0,0.21722049349186812,O
864662311,0,0.2062928503502215,O
864662311,0,0.19938671855656565,O
864662311,0,0.3776418591198888,O
864662311,0,0.2521182608775653,O
2245273601,0,0.0015309225795328008,C
2245273601,0,0.0005711477552017286,C
2245273601,0,-0.012827680608713976,C
2245273601,0,0.02907462374006964,C
2245273601,0,-0.0007318293641511708,C
2132511834,0,0.06069382817575386,N
2132511834,0,0.04587647015366181,N
2132511834,0,0.09620470929868685,N
2132511834,0,0.04968832550093594,N
2132511834,0,0.04940567960026332,N
3189457552,0,0.00143988014880303,O
3189457552,0,-0.004632733883081275,O
3189457552,0,0.0023678359038712404,O
3189457552,0,0.000617072401145391,O
3189457552,0,-0.004453289406239014,O
1016841875,0,-0.00011912182599993493,Cl
1016841875,0,0.03824693362759701,Cl
1016841875,0,0.02066957930937896,Cl
1016841875,0,0.0051658849793598804,Cl
1016841875,0,0.0019890499684822593,Cl
847957139,0,0.06607928090079884,N
847957139,0,0.06319198566237416,N
847957139,0,0.05583508536086845,N
847957139,0,0.015763652491118885,N
847957139,0,0.09685161054367142,N
2245277810,0,0.018492446044561572,C
2245277810,0,0.03079425488351395,C
2245277810,0,-0.0009801643181799324,C
2245277810,0,0.015153585414821258,C
2245277810,0,0.00871594787668828,C
2976816164,0,0.0,C
2976816164,0,0.0,C
2976816164,0,0.0,C
2976816164,0,0.0,C
2976816164,0,0.0,C
999334238,0,0.0,S
999334238,0,0.0,S
999334238,0,0.0,S
999334238,0,0.0,S
999334238,0,0.0,S
3351556771,0,0.0,S
3351556771,0,0.0,S
3351556771,0,0.0,S
3351556771,0,0.0,S
3351556771,0,0.0,S
848128881,0,0.09765210689501447,N
848128881,0,0.05204917824931443,N
848128881,0,0.05791015190583715,N
848128881,0,0.06255114366880732,N
848128881,0,0.08827791376882244,N
2246703798,0,-0.02163951723413371,C
2246703798,0,-0.010371414648660982,C
2246703798,0,-0.021199996673710197,C
2246703798,0,0.007095244190237215,C
2246703798,0,-0.0006041377428329664,C
2245900962,0,-0.0031209284171760387,C
2245900962,0,-0.00308296826338883,C
2245900962,0,-0.010301404154234417,C
2245900962,0,-0.009830359645536912,C
2245900962,0,-0.012466384443317935,C
847433064,0,0.001247188546949829,N
847433064,0,0.00022544262162160766,N
847433064,0,0.0088020123443312,N
847433064,0,-0.0004245606849909711,N
847433064,0,0.0021230782780782276,N
847336149,0,0.0,N
847336149,0,0.0,N
847336149,0,0.0,N
847336149,0,0.0,N
847336149,0,0.0,N
3612926680,0,0.012608465109890665,Br
3612926680,0,0.011584373498863432,Br
3612926680,0,0.0022226675968627374,Br
3612926680,0,0.004422491992568611,Br
3612926680,0,0.015001626510736665,Br
1026928756,0,-0.01767429358410988,S
1026928756,0,-0.0053396855986731495,S
1026928756,0,-0.014595040472447418,S
1026928756,0,-0.011991164567590196,S
1026928756,0,-0.00677960806955169,S
864942795,0,0.009462389913714953,O
864942795,0,0.004985245647384895,O
864942795,0,0.003965754663856735,O
864942795,0,0.003447948402036105,O
864942795,0,0.005550101538026153,O
848127915,0,0.008924443937177284,N
848127915,0,0.008951277393280166,N
848127915,0,-0.0008452663765345925,N
848127915,0,0.005067646096680756,N
848127915,0,0.001419721707677346,N
849275503,0,0.0,
849275503,0,0.0,
849275503,0,0.0,
849275503,0,0.0,
849275503,0,0.0,
984189120,0,0.013827221453620142,P
984189120,0,0.0060352561771912505,P
984189120,0,0.0010678498150169524,P
984189120,0,0.009153697666960947,P
984189120,0,0.01117880635459112,P
2246997334,0,0.005244417067142626,C
2246997334,0,0.0005361934167671389,C
2246997334,0,0.000955569957319713,C
2246997334,0,0.002673607848964754,C
2246997334,0,-0.0029408008496196736,C
1026654305,0,-0.006393099711345052,S
1026654305,0,-0.00870404622064136,S
1026654305,0,-0.0053700048997371574,S
1026654305,0,-0.004411322450951216,S
1026654305,0,-0.004389270800614575,S
2865977551,0,0.0,S
2865977551,0,0.0,S
2865977551,0,0.0,S
2865977551,0,0.0,S
2865977551,0,0.0,S
319552149,0,-0.00239703957276749,I
319552149,0,0.0008047720812144332,I
319552149,0,-0.00273771082362817,I
319552149,0,-0.003543481872294918,I
319552149,0,-0.001950767626776928,I
1026924773,0,0.0010807864198751904,S
1026924773,0,3.4415785849173375e-05,S
1026924773,0,0.002822166502197909,S
1026924773,0,-3.940862362972197e-05,S
1026924773,0,2.48376137009787e-05,S
2245897107,0,-0.0028727258685921075,C
2245897107,0,0.005396226056362696,C
2245897107,0,0.002602397982998661,C
2245897107,0,-0.012395635844717479,C
2245897107,0,0.03010092860162883,C
849271271,0,0.0,
849271271,0,0.0,
849271271,0,0.0,
849271271,0,0.0,
849271271,0,0.0,
2092554703,0,0.0,
2092554703,0,0.0,
2092554703,0,0.0,
2092554703,0,0.0,
2092554703,0,0.0,
2245108812,0,0.0,
2245108812,0,0.0,
2245108812,0,0.0,
2245108812,0,0.0,
2245108812,0,0.0,
847433129,0,0.0,
847433129,0,0.0,
847433129,0,0.0,
847433129,0,0.0,
847433129,0,0.0,
4277593707,0,0.0,
4277593707,0,0.0,
4277593707,0,0.0,
4277593707,0,0.0,
4277593707,0,0.0,
1844282154,0,0.0,
1844282154,0,0.0,
1844282154,0,0.0,
1844282154,0,0.0,
1844282154,0,0.0,
4277593706,0,0.0,
4277593706,0,0.0,
4277593706,0,0.0,
4277593706,0,0.0,
4277593706,0,0.0,
847698334,0,0.0,
847698334,0,0.0,
847698334,0,0.0,
847698334,0,0.0,
847698334,0,0.0,
2114539071,0,0.0,
2114539071,0,0.0,
2114539071,0,0.0,
2114539071,0,0.0,
2114539071,0,0.0,
2850012158,0,0.0,
2850012158,0,0.0,
2850012158,0,0.0,
2850012158,0,0.0,
2850012158,0,0.0,
2850007887,0,0.0,S
2850007887,0,0.0,S
2850007887,0,0.0,S
2850007887,0,0.0,S
2850007887,0,0.0,S
984193073,0,0.0,
984193073,0,0.0,
984193073,0,0.0,
984193073,0,0.0,
984193073,0,0.0,
319552148,0,0.0,
319552148,0,0.0,
319552148,0,0.0,
319552148,0,0.0,
319552148,0,0.0,
2998938176,0,0.0,
2998938176,0,0.0,
2998938176,0,0.0,
2998938176,0,0.0,
2998938176,0,0.0,
847342868,0,0.0,
847342868,0,0.0,
847342868,0,0.0,
847342868,0,0.0,
847342868,0,0.0,
2041738475,0,0.0,
2041738475,0,0.0,
2041738475,0,0.0,
2041738475,0,0.0,
2041738475,0,0.0,
847958490,0,0.0,
847958490,0,0.0,
847958490,0,0.0,
847958490,0,0.0,
847958490,0,0.0,
999338447,0,0.0,
999338447,0,0.0,
999338447,0,0.0,
999338447,0,0.0,
999338447,0,0.0,
999602603,0,0.0,
999602603,0,0.0,
999602603,0,0.0,
999602603,0,0.0,
999602603,0,0.0,
1026654242,0,0.0,
1026654242,0,0.0,
1026654242,0,0.0,
1026654242,0,0.0,
1026654242,0,0.0,
999334236,0,0.0,
999334236,0,0.0,
999334236,0,0.0,
999334236,0,0.0,
999334236,0,0.0,
319552150,0,0.0,
319552150,0,0.0,
319552150,0,0.0,
319552150,0,0.0,
319552150,0,0.0,
847690172,0,0.0,
847690172,0,0.0,
847690172,0,0.0,
847690172,0,0.0,
847690172,0,0.0,
847867887,0,0.0,
847867887,0,0.0,
847867887,0,0.0,
847867887,0,0.0,
847867887,0,0.0,
882399119,0,0.0,
882399119,0,0.0,
882399119,0,0.0,
882399119,0,0.0,
882399119,0,0.0,
984473645,0,0.0,
984473645,0,0.0,
984473645,0,0.0,
984473645,0,0.0,
984473645,0,0.0,
1010228075,0,0.0,
1010228075,0,0.0,
1010228075,0,0.0,
1010228075,0,0.0,
1010228075,0,0.0,
2143075994,0,0.0,
2143075994,0,0.0,
2143075994,0,0.0,
2143075994,0,0.0,
2143075994,0,0.0,
2246703799,0,0.0,
2246703799,0,0.0,
2246703799,0,0.0,
2246703799,0,0.0,
2246703799,0,0.0,
3189554341,0,0.0,
3189554341,0,0.0,
3189554341,0,0.0,
3189554341,0,0.0,
3189554341,0,0.0,
3351552914,0,0.0,
3351552914,0,0.0,
3351552914,0,0.0,
3351552914,0,0.0,
3351552914,0,0.0,
3612926685,0,0.0,
3612926685,0,0.0,
3612926685,0,0.0,
3612926685,0,0.0,
3612926685,0,0.0,
UNK,0,0.0,
UNK,0,0.0,
UNK,0,0.0,
UNK,0,0.0,
UNK,0,0.0,
3218693969,1,0.001722894494828986,C
3218693969,1,0.004388145087441231,C
3218693969,1,0.005341368688072001,C
3218693969,1,0.010854291337622057,C
3218693969,1,0.008184685697285143,C
3217380708,1,-0.0046176348967640335,C
3217380708,1,0.0019169713214016726,C
3217380708,1,-0.005122628001491214,C
3217380708,1,-0.011130267545931494,C
3217380708,1,-0.002365364274061754,C
2968968094,1,0.00339910372110952,C
2968968094,1,0.011643504663176651,C
2968968094,1,0.0020985813472061965,C
2968968094,1,0.00827965155382282,C
2968968094,1,0.0202080630466549,C
2245384272,1,0.017821456092455112,C
2245384272,1,0.013196842320398638,C
2245384272,1,0.014766107182067167,C
2245384272,1,0.009723317874789195,C
2245384272,1,0.0009043110693464085,C
864942730,1,0.03289325618134109,O
864942730,1,0.038812599937936176,O
864942730,1,0.04499693675728811,O
864942730,1,0.047388257163956005,O
864942730,1,0.026421751188171028,O
2246728737,1,0.10031350208301104,C
2246728737,1,0.040443335993832874,C
2246728737,1,0.056677828063453006,C
2246728737,1,0.11608402750291569,C
2246728737,1,0.08220315931635913,C
2041434490,1,0.019936478430062743,N
2041434490,1,0.03392562694215795,N
2041434490,1,0.012610905574976461,N
2041434490,1,0.024788553894836363,N
2041434490,1,0.02989574729187361,N
2246699815,1,0.01760106014851448,C
2246699815,1,0.011565722375032839,C
2246699815,1,0.014502951106364015,C
2246699815,1,0.023628342957195403,C
2246699815,1,0.01058470056120464,C
2976033787,1,0.01432078281879734,C
2976033787,1,0.013789600985681383,C
2976033787,1,0.01808484427056911,C
2976033787,1,0.004063458635794603,C
2976033787,1,0.011365053742432907,C
2092489639,1,0.007962911940375794,N
2092489639,1,0.00838696738419864,N
2092489639,1,0.005657324706116906,N
2092489639,1,0.00842408939580852,N
2092489639,1,0.0065998513257375935,N
847961216,1,0.00847157890373762,N
847961216,1,0.010003872724133722,N
847961216,1,0.013857069756828988,N
847961216,1,0.006426894627187263,N
847961216,1,0.002854470915508611,N
882399112,1,0.023225012171393167,F
882399112,1,0.03101198729112309,F
882399112,1,0.012035858638299035,F
882399112,1,0.02739016024757246,F
882399112,1,0.025810531096210787,F
864674487,1,0.012392986563916852,O
864674487,1,0.019111100858828833,O
864674487,1,0.0027788120239135017,O
864674487,1,0.01017595229531143,O
864674487,1,0.0023873723314326023,O
864662311,1,0.18306678736176607,O
864662311,1,0.20998626575403956,O
864662311,1,0.12201133738495928,O
864662311,1,0.19486032572840362,O
864662311,1,0.157843811805919,O
2245273601,1,0.006737137828596196,C
2245273601,1,0.040795657968569654,C
2245273601,1,0.021754369768638204,C
2245273601,1,0.008865142374923751,C
2245273601,1,0.03319442911231163,C
2132511834,1,-3.079151664586721e-05,N
2132511834,1,0.00964932881810976,N
2132511834,1,0.0014939353293591529,N
2132511834,1,-0.0012874913043778857,N
2132511834,1,0.002139485519789819,N
3189457552,1,0.0058094556224830285,O
3189457552,1,0.003402498057682557,O
3189457552,1,0.004314162395304355,O
3189457552,1,0.004241624023415991,O
3189457552,1,0.004681199414968695,O
1016841875,1,2.1941518885681965e-05,Cl
1016841875,1,-0.0015622360287989023,Cl
1016841875,1,-0.0004966926335120414,Cl
1016841875,1,0.007043013508431506,Cl
1016841875,1,0.00914843340737248,Cl
847957139,1,0.00394708920898823,N
847957139,1,0.011389122392195139,N
847957139,1,0.003468177350998247,N
847957139,1,0.004143468020467944,N
847957139,1,0.010686133845484336,N
2245277810,1,0.005296925775281847,C
2245277810,1,0.012041069370366864,C
2245277810,1,0.012383901580167223,C
2245277810,1,0.007232222975391722,C
2245277810,1,0.004624138174484593,C
2976816164,1,0.001031667039257278,C
2976816164,1,0.000778504935216584,C
2976816164,1,0.0005847028516338115,C
2976816164,1,0.0014727878908750158,C
2976816164,1,0.0010659794633329778,C
999334238,1,0.0,S
999334238,1,0.0,S
999334238,1,0.0,S
999334238,1,0.0,S
999334238,1,0.0,S
3351556771,1,0.0,S
3351556771,1,0.0,S
3351556771,1,0.0,S
3351556771,1,0.0,S
3351556771,1,0.0,S
848128881,1,0.010465207475959581,N
848128881,1,0.008178957174806212,N
848128881,1,0.0055056506686783635,N
848128881,1,0.008108343014236685,N
848128881,1,0.005448506341834691,N
2246703798,1,-0.0013466098693432071,C
2246703798,1,0.010029915498363184,C
2246703798,1,0.004550219080236562,C
2246703798,1,0.007969544097535586,C
2246703798,1,0.0076466957694133475,C
2245900962,1,-1.8961103261050383e-05,C
2245900962,1,0.0018602027494195594,C
2245900962,1,0.005037784786971589,C
2245900962,1,0.0009686472556090786,C
2245900962,1,0.0012555963262307346,C
847433064,1,0.001685948140839888,N
847433064,1,0.001785320800784418,N
847433064,1,0.002095627400209965,N
847433064,1,0.0012393402465383785,N
847433064,1,0.0061132961818038956,N
847336149,1,0.0,N
847336149,1,0.0,N
847336149,1,0.0,N
847336149,1,0.0,N
847336149,1,0.0,N
3612926680,1,0.0049474392617753216,Br
3612926680,1,0.005036775212818978,Br
3612926680,1,0.0032005919477891,Br
3612926680,1,0.0009968309986533308,Br
3612926680,1,0.003401610218213391,Br
1026928756,1,-0.0035355874781939356,S
1026928756,1,-0.0015803064106444387,S
1026928756,1,-0.0033988809690003174,S
1026928756,1,-0.0023614605637861663,S
1026928756,1,-0.00287109583389622,S
864942795,1,0.0,O
864942795,1,0.0,O
864942795,1,0.0,O
864942795,1,0.0,O
864942795,1,0.0,O
848127915,1,0.0,N
848127915,1,0.0,N
848127915,1,0.0,N
848127915,1,0.0,N
848127915,1,0.0,N
849275503,1,0.0,
849275503,1,0.0,
849275503,1,0.0,
849275503,1,0.0,
849275503,1,0.0,
984189120,1,0.007331096877048915,P
984189120,1,0.007048595587808237,P
984189120,1,0.0034821779749935056,P
984189120,1,0.005414801273413761,P
984189120,1,0.00836634124836566,P
2246997334,1,-0.0010848206890899936,C
2246997334,1,0.0007645402426509351,C
2246997334,1,-0.0008923465485165538,C
2246997334,1,-0.0011094497909021062,C
2246997334,1,0.0005027379015442035,C
1026654305,1,0.0,S
1026654305,1,0.0,S
1026654305,1,0.0,S
1026654305,1,0.0,S
1026654305,1,0.0,S
2865977551,1,0.007497569059191522,S
2865977551,1,0.0036889958013960333,S
2865977551,1,0.005787308855081719,S
2865977551,1,0.005977235968333217,S
2865977551,1,0.006820819982684356,S
319552149,1,0.0007286657846233835,I
319552149,1,0.0004108889306707608,I
319552149,1,0.0032710654973769904,I
319552149,1,-5.15531764966326e-06,I
319552149,1,0.0001177946091425186,I
1026924773,1,0.0,S
1026924773,1,0.0,S
1026924773,1,0.0,S
1026924773,1,0.0,S
1026924773,1,0.0,S
2245897107,1,0.0,C
2245897107,1,0.0,C
2245897107,1,0.0,C
2245897107,1,0.0,C
2245897107,1,0.0,C
849271271,1,0.0,
849271271,1,0.0,
849271271,1,0.0,
849271271,1,0.0,
849271271,1,0.0,
2092554703,1,0.0,
2092554703,1,0.0,
2092554703,1,0.0,
2092554703,1,0.0,
2092554703,1,0.0,
2245108812,1,0.0,
2245108812,1,0.0,
2245108812,1,0.0,
2245108812,1,0.0,
2245108812,1,0.0,
847433129,1,0.0,
847433129,1,0.0,
847433129,1,0.0,
847433129,1,0.0,
847433129,1,0.0,
4277593707,1,0.0,
4277593707,1,0.0,
4277593707,1,0.0,
4277593707,1,0.0,
4277593707,1,0.0,
1844282154,1,0.0,
1844282154,1,0.0,
1844282154,1,0.0,
1844282154,1,0.0,
1844282154,1,0.0,
4277593706,1,0.0,
4277593706,1,0.0,
4277593706,1,0.0,
4277593706,1,0.0,
4277593706,1,0.0,
847698334,1,0.0,
847698334,1,0.0,
847698334,1,0.0,
847698334,1,0.0,
847698334,1,0.0,
2114539071,1,0.0,
2114539071,1,0.0,
2114539071,1,0.0,
2114539071,1,0.0,
2114539071,1,0.0,
2850012158,1,0.0,
2850012158,1,0.0,
2850012158,1,0.0,
2850012158,1,0.0,
2850012158,1,0.0,
2850007887,1,0.0,S
2850007887,1,0.0,S
2850007887,1,0.0,S
2850007887,1,0.0,S
2850007887,1,0.0,S
984193073,1,0.0,
984193073,1,0.0,
984193073,1,0.0,
984193073,1,0.0,
984193073,1,0.0,
319552148,1,0.0,
319552148,1,0.0,
319552148,1,0.0,
319552148,1,0.0,
319552148,1,0.0,
2998938176,1,0.0,
2998938176,1,0.0,
2998938176,1,0.0,
2998938176,1,0.0,
2998938176,1,0.0,
847342868,1,0.0,
847342868,1,0.0,
847342868,1,0.0,
847342868,1,0.0,
847342868,1,0.0,
2041738475,1,0.0,
2041738475,1,0.0,
2041738475,1,0.0,
2041738475,1,0.0,
2041738475,1,0.0,
847958490,1,0.0,
847958490,1,0.0,
847958490,1,0.0,
847958490,1,0.0,
847958490,1,0.0,
999338447,1,0.0,
999338447,1,0.0,
999338447,1,0.0,
999338447,1,0.0,
999338447,1,0.0,
999602603,1,0.0,
999602603,1,0.0,
999602603,1,0.0,
999602603,1,0.0,
999602603,1,0.0,
1026654242,1,0.0,
1026654242,1,0.0,
1026654242,1,0.0,
1026654242,1,0.0,
1026654242,1,0.0,
999334236,1,0.0,
999334236,1,0.0,
999334236,1,0.0,
999334236,1,0.0,
999334236,1,0.0,
319552150,1,0.0,
319552150,1,0.0,
319552150,1,0.0,
319552150,1,0.0,
319552150,1,0.0,
847690172,1,0.0,
847690172,1,0.0,
847690172,1,0.0,
847690172,1,0.0,
847690172,1,0.0,
847867887,1,0.0,
847867887,1,0.0,
847867887,1,0.0,
847867887,1,0.0,
847867887,1,0.0,
882399119,1,0.0,
882399119,1,0.0,
882399119,1,0.0,
882399119,1,0.0,
882399119,1,0.0,
984473645,1,0.0,
984473645,1,0.0,
984473645,1,0.0,
984473645,1,0.0,
984473645,1,0.0,
1010228075,1,0.0,
1010228075,1,0.0,
1010228075,1,0.0,
1010228075,1,0.0,
1010228075,1,0.0,
2143075994,1,0.0,
2143075994,1,0.0,
2143075994,1,0.0,
2143075994,1,0.0,
2143075994,1,0.0,
2246703799,1,0.0,
2246703799,1,0.0,
2246703799,1,0.0,
2246703799,1,0.0,
2246703799,1,0.0,
3189554341,1,0.0,
3189554341,1,0.0,
3189554341,1,0.0,
3189554341,1,0.0,
3189554341,1,0.0,
3351552914,1,0.0,
3351552914,1,0.0,
3351552914,1,0.0,
3351552914,1,0.0,
3351552914,1,0.0,
3612926685,1,0.0,
3612926685,1,0.0,
3612926685,1,0.0,
3612926685,1,0.0,
3612926685,1,0.0,
UNK,1,-0.009630524797313744,
UNK,1,-0.0066220207154784605,
UNK,1,-0.009767316991947106,
UNK,1,-0.007457487998378087,
UNK,1,-0.007304561302993284,
3218693969,2,0.0253054960948067,C
3218693969,2,-0.007806535220602373,C
3218693969,2,0.00211770137993883,C
3218693969,2,-0.00025637429377389775,C
3218693969,2,-0.001880962344340209,C
3217380708,2,0.007300019443486017,C
3217380708,2,0.0020395632171578137,C
3217380708,2,0.005830346211554538,C
3217380708,2,0.014758786721150607,C
3217380708,2,0.005127240642453068,C
2968968094,2,-0.00012343957853666598,C
2968968094,2,-0.007443128398964882,C
2968968094,2,-0.0003075033188976173,C
2968968094,2,-0.0028108804052079384,C
2968968094,2,-0.001497900211750891,C
2245384272,2,-0.017718451369840515,C
2245384272,2,0.008397058760306608,C
2245384272,2,0.005828852122429229,C
2245384272,2,0.001483820430995042,C
2245384272,2,0.015643568214778858,C
864942730,2,0.027959544101382017,O
864942730,2,0.027404241958333797,O
864942730,2,-0.0021866372580530147,O
864942730,2,0.08812084955101207,O
864942730,2,0.013938752381091435,O
2246728737,2,0.031613844910906685,C
2246728737,2,0.004628497120115371,C
2246728737,2,0.030587148859657187,C
2246728737,2,0.09061130105686499,C
2246728737,2,0.11406169688062717,C
2041434490,2,0.023883590461071136,N
2041434490,2,0.02842284890646818,N
2041434490,2,0.00685604213110913,N
2041434490,2,0.02909736199856905,N
2041434490,2,0.024082975331127132,N
2246699815,2,0.009265935838838724,C
2246699815,2,0.006050297649341507,C
2246699815,2,0.000766620368746751,C
2246699815,2,0.001520133328420492,C
2246699815,2,0.005054166916053093,C
2976033787,2,0.006477633653565573,C
2976033787,2,0.0004475239587463653,C
2976033787,2,-0.001812428909119257,C
2976033787,2,0.0020247510245767764,C
2976033787,2,0.007265742941628739,C
2092489639,2,0.008615174859665897,N
2092489639,2,0.0012207773939578725,N
2092489639,2,-0.007102811951457122,N
2092489639,2,0.002488372681527351,N
2092489639,2,0.007255335170340604,N
847961216,2,0.0032925111379151772,N
847961216,2,0.011985436101921487,N
847961216,2,0.005768245356959745,N
847961216,2,0.012124789238479927,N
847961216,2,0.005691428706127599,N
882399112,2,-0.008315921396822468,F
882399112,2,-0.008682901508520136,F
882399112,2,-0.0038237773879934434,F
882399112,2,-0.012166760986683012,F
882399112,2,-0.010685934329490498,F
864674487,2,0.01326990870230893,O
864674487,2,0.009020150638342384,O
864674487,2,0.010436278779320296,O
864674487,2,0.02844042519694956,O
864674487,2,0.01688044424476054,O
864662311,2,0.08563853869713212,O
864662311,2,0.07324641990273917,O
864662311,2,0.07675487012223803,O
864662311,2,0.09052312101483317,O
864662311,2,0.09469576374897404,O
2245273601,2,-0.004682521806496198,C
2245273601,2,-0.0012631035461891926,C
2245273601,2,0.0024193683416584566,C
2245273601,2,0.002325196305300037,C
2245273601,2,-0.0037193880795132195,C
2132511834,2,0.07921241473995089,N
2132511834,2,0.08134947756930733,N
2132511834,2,0.07881826318936913,N
2132511834,2,0.06842717219494854,N
2132511834,2,0.08814320833386113,N
3189457552,2,0.0,O
3189457552,2,0.0,O
3189457552,2,0.0,O
3189457552,2,0.0,O
3189457552,2,0.0,O
1016841875,2,0.004890707250697179,Cl
1016841875,2,-0.004433743108852584,Cl
1016841875,2,-0.0007655024863280069,Cl
1016841875,2,-0.004705145830170121,Cl
1016841875,2,0.0025713290754181273,Cl
847957139,2,0.029402901638192924,N
847957139,2,0.043420956031379854,N
847957139,2,0.019595492301278217,N
847957139,2,0.02083752490594426,N
847957139,2,0.04167906869678295,N
2245277810,2,0.00261276813424538,C
2245277810,2,-0.0009694576746313022,C
2245277810,2,0.008769398351738067,C
2245277810,2,0.014618047327552786,C
2245277810,2,0.017070309470093248,C
2976816164,2,0.0,C
2976816164,2,0.0,C
2976816164,2,0.0,C
2976816164,2,0.0,C
2976816164,2,0.0,C
999334238,2,0.0,S
999334238,2,0.0,S
999334238,2,0.0,S
999334238,2,0.0,S
999334238,2,0.0,S
3351556771,2,0.0,S
3351556771,2,0.0,S
3351556771,2,0.0,S
3351556771,2,0.0,S
3351556771,2,0.0,S
848128881,2,0.004329497583870134,N
848128881,2,0.006641633163785299,N
848128881,2,0.004643488617827596,N
848128881,2,0.003016362891063107,N
848128881,2,0.0014657574785071903,N
2246703798,2,-0.0019040097127546174,C
2246703798,2,0.003977014318799821,C
2246703798,2,-0.0012641907374696393,C
2246703798,2,0.01011000186363864,C
2246703798,2,0.007813642176668578,C
2245900962,2,0.0076279812630447585,C
2245900962,2,0.003364100565041106,C
2245900962,2,0.002389007299335999,C
2245900962,2,0.007658171459594021,C
2245900962,2,0.007511723378008317,C
847433064,2,0.002624223881139587,N
847433064,2,0.0017192283989778678,N
847433064,2,0.0016764014338465083,N
847433064,2,0.0015297122074877656,N
847433064,2,0.005232255625081894,N
847336149,2,0.0,N
847336149,2,0.0,N
847336149,2,0.0,N
847336149,2,0.0,N
847336149,2,0.0,N
3612926680,2,-0.003703653174735644,Br
3612926680,2,-0.002901160006206549,Br
3612926680,2,0.004267755383387195,Br
3612926680,2,-0.00028197540559782297,Br
3612926680,2,-2.0196678970352266e-06,Br
1026928756,2,-0.0007712475870318425,S
1026928756,2,-0.002197562093625538,S
1026928756,2,0.0012383057367116868,S
1026928756,2,0.0003481716193139972,S
1026928756,2,-0.0011411580429125934,S
864942795,2,-0.0024827280353613146,O
864942795,2,-0.003358325894972758,O
864942795,2,-0.0013628234014271268,O
864942795,2,-0.0010652895860367995,O
864942795,2,-0.0024047888045442,O
848127915,2,-0.0011289602215803773,N
848127915,2,-0.00013252865964408223,N
848127915,2,0.0008621933388424097,N
848127915,2,0.001152118224328369,N
848127915,2,-0.00013788832505778892,N
849275503,2,0.0,
849275503,2,0.0,
849275503,2,0.0,
849275503,2,0.0,
849275503,2,0.0,
984189120,2,-0.002220848742575221,P
984189120,2,-0.00041364814165256725,P
984189120,2,-0.00281214112436301,P
984189120,2,-0.0014353493094179104,P
984189120,2,-0.0036933653738699945,P
2246997334,2,0.016062682010305807,C
2246997334,2,0.009826108231607233,C
2246997334,2,0.015255309844429465,C
2246997334,2,0.0068428722484071836,C
2246997334,2,0.0035521774718672017,C
1026654305,2,-0.0018700427416051824,S
1026654305,2,0.002106580369583444,S
1026654305,2,-0.0006300465601962735,S
1026654305,2,0.005068518330941796,S
1026654305,2,0.00402120625659419,S
2865977551,2,0.0,S
2865977551,2,0.0,S
2865977551,2,0.0,S
2865977551,2,0.0,S
2865977551,2,0.0,S
319552149,2,0.0010443658168635128,I
319552149,2,0.0059512326284860695,I
319552149,2,0.004583955988278987,I
319552149,2,0.0025434203525970256,I
319552149,2,0.006146550432829412,I
1026924773,2,0.00039321007646930806,S
1026924773,2,0.001889242263180213,S
1026924773,2,0.0002902347231724667,S
1026924773,2,-4.470677594570205e-05,S
1026924773,2,0.00025246468778128417,S
2245897107,2,0.0002947583110264329,C
2245897107,2,-0.0018588517391096016,C
2245897107,2,0.0011710783441094552,C
2245897107,2,-0.0003096528937762688,C
2245897107,2,0.002291893559688951,C
849271271,2,0.0,
849271271,2,0.0,
849271271,2,0.0,
849271271,2,0.0,
849271271,2,0.0,
2092554703,2,0.0,
2092554703,2,0.0,
2092554703,2,0.0,
2092554703,2,0.0,
2092554703,2,0.0,
2245108812,2,0.0,
2245108812,2,0.0,
2245108812,2,0.0,
2245108812,2,0.0,
2245108812,2,0.0,
847433129,2,0.0,
847433129,2,0.0,
847433129,2,0.0,
847433129,2,0.0,
847433129,2,0.0,
4277593707,2,0.0,
4277593707,2,0.0,
4277593707,2,0.0,
4277593707,2,0.0,
4277593707,2,0.0,
1844282154,2,0.0,
1844282154,2,0.0,
1844282154,2,0.0,
1844282154,2,0.0,
1844282154,2,0.0,
4277593706,2,0.0,
4277593706,2,0.0,
4277593706,2,0.0,
4277593706,2,0.0,
4277593706,2,0.0,
847698334,2,0.0,
847698334,2,0.0,
847698334,2,0.0,
847698334,2,0.0,
847698334,2,0.0,
2114539071,2,0.0,
2114539071,2,0.0,
2114539071,2,0.0,
2114539071,2,0.0,
2114539071,2,0.0,
2850012158,2,0.0,
2850012158,2,0.0,
2850012158,2,0.0,
2850012158,2,0.0,
2850012158,2,0.0,
2850007887,2,0.0,S
2850007887,2,0.0,S
2850007887,2,0.0,S
2850007887,2,0.0,S
2850007887,2,0.0,S
984193073,2,0.0,
984193073,2,0.0,
984193073,2,0.0,
984193073,2,0.0,
984193073,2,0.0,
319552148,2,0.0,
319552148,2,0.0,
319552148,2,0.0,
319552148,2,0.0,
319552148,2,0.0,
2998938176,2,0.0,
2998938176,2,0.0,
2998938176,2,0.0,
2998938176,2,0.0,
2998938176,2,0.0,
847342868,2,0.0,
847342868,2,0.0,
847342868,2,0.0,
847342868,2,0.0,
847342868,2,0.0,
2041738475,2,0.0,
2041738475,2,0.0,
2041738475,2,0.0,
2041738475,2,0.0,
2041738475,2,0.0,
847958490,2,0.0,
847958490,2,0.0,
847958490,2,0.0,
847958490,2,0.0,
847958490,2,0.0,
999338447,2,0.0,
999338447,2,0.0,
999338447,2,0.0,
999338447,2,0.0,
999338447,2,0.0,
999602603,2,0.0,
999602603,2,0.0,
999602603,2,0.0,
999602603,2,0.0,
999602603,2,0.0,
1026654242,2,0.0,
1026654242,2,0.0,
1026654242,2,0.0,
1026654242,2,0.0,
1026654242,2,0.0,
999334236,2,0.0,
999334236,2,0.0,
999334236,2,0.0,
999334236,2,0.0,
999334236,2,0.0,
319552150,2,0.0,
319552150,2,0.0,
319552150,2,0.0,
319552150,2,0.0,
319552150,2,0.0,
847690172,2,0.0,
847690172,2,0.0,
847690172,2,0.0,
847690172,2,0.0,
847690172,2,0.0,
847867887,2,0.0,
847867887,2,0.0,
847867887,2,0.0,
847867887,2,0.0,
847867887,2,0.0,
882399119,2,0.0,
882399119,2,0.0,
882399119,2,0.0,
882399119,2,0.0,
882399119,2,0.0,
984473645,2,0.0,
984473645,2,0.0,
984473645,2,0.0,
984473645,2,0.0,
984473645,2,0.0,
1010228075,2,0.0,
1010228075,2,0.0,
1010228075,2,0.0,
1010228075,2,0.0,
1010228075,2,0.0,
2143075994,2,0.0,
2143075994,2,0.0,
2143075994,2,0.0,
2143075994,2,0.0,
2143075994,2,0.0,
2246703799,2,0.0,
2246703799,2,0.0,
2246703799,2,0.0,
2246703799,2,0.0,
2246703799,2,0.0,
3189554341,2,0.0,
3189554341,2,0.0,
3189554341,2,0.0,
3189554341,2,0.0,
3189554341,2,0.0,
3351552914,2,0.0,
3351552914,2,0.0,
3351552914,2,0.0,
3351552914,2,0.0,
3351552914,2,0.0,
3612926685,2,0.0,
3612926685,2,0.0,
3612926685,2,0.0,
3612926685,2,0.0,
3612926685,2,0.0,
UNK,2,0.0003916008175588459,
UNK,2,0.0005487430701844875,
UNK,2,0.0005264606624308943,
UNK,2,0.0004110485383024276,
UNK,2,0.00033816388346530335,
3218693969,3,0.01892174794889334,C
3218693969,3,0.014293157283499114,C
3218693969,3,0.010637527064706886,C
3218693969,3,-0.00041908254165290426,C
3218693969,3,0.0270049477239106,C
3217380708,3,0.004587260120928138,C
3217380708,3,0.02380990483350154,C
3217380708,3,0.017996604083671985,C
3217380708,3,0.010879971696820312,C
3217380708,3,0.015305767887776933,C
2968968094,3,0.0035898311777179392,C
2968968094,3,0.0048392460553198235,C
2968968094,3,0.0029620024214294105,C
2968968094,3,0.0041724258060041874,C
2968968094,3,0.004042656550647616,C
2245384272,3,-0.019900728555505953,C
2245384272,3,-0.02554682504284267,C
2245384272,3,0.010942924696629386,C
2245384272,3,0.014264309066350456,C
2245384272,3,0.006063249022316142,C
864942730,3,0.08962604685610065,O
864942730,3,0.050711177795995765,O
864942730,3,0.04179868445597579,O
864942730,3,0.15009672916876993,O
864942730,3,0.030233716072584627,O
2246728737,3,0.024014524199930887,C
2246728737,3,-0.002373858563679665,C
2246728737,3,0.0004984035413337917,C
2246728737,3,0.0002266015003549171,C
2246728737,3,0.02430919298685541,C
2041434490,3,0.043637492417953005,N
2041434490,3,0.03448924530434483,N
2041434490,3,0.037124154168525325,N
2041434490,3,0.03519371095921364,N
2041434490,3,0.025550640517231105,N
2246699815,3,0.028101729511604834,C
2246699815,3,0.005130237338852539,C
2246699815,3,-0.013483079289570377,C
2246699815,3,0.016455996620112212,C
2246699815,3,-0.026708310418147918,C
2976033787,3,-0.004084908098312079,C
2976033787,3,-0.004085646086688932,C
2976033787,3,0.0011846421666662499,C
2976033787,3,0.009078229218237532,C
2976033787,3,-0.010847160869910444,C
2092489639,3,0.0143152310249538,N
2092489639,3,0.004097800096006354,N
2092489639,3,0.006990805471980166,N
2092489639,3,0.006346300846524211,N
2092489639,3,0.009941696136493872,N
847961216,3,0.005155188199280514,N
847961216,3,0.01735211357661426,N
847961216,3,0.014959966924243173,N
847961216,3,0.01453765387078132,N
847961216,3,-0.0001394359581835536,N
882399112,3,-0.006518317026190212,F
882399112,3,0.0048977166083779,F
882399112,3,-0.005900427409280207,F
882399112,3,0.006282307589203673,F
882399112,3,-0.0009262230041963138,F
864674487,3,0.017445677985849506,O
864674487,3,0.016511480327551564,O
864674487,3,0.03945521169199051,O
864674487,3,0.021248494430942677,O
864674487,3,0.02809580086498631,O
864662311,3,0.14849716781772082,O
864662311,3,0.1972555663900596,O
864662311,3,0.1113476157428489,O
864662311,3,0.1674075234323834,O
864662311,3,0.16363254507915992,O
2245273601,3,-0.0027055343402356824,C
2245273601,3,-0.004345210263006494,C
2245273601,3,0.00047754941867161893,C
2245273601,3,-0.005077220530760651,C
2245273601,3,-0.0022651374274089697,C
2132511834,3,0.015224535310431664,N
2132511834,3,0.01465203017905603,N
2132511834,3,0.009541251325224653,N
2132511834,3,0.011535494369394494,N
2132511834,3,0.01826125397521261,N
3189457552,3,-0.008095068163102348,O
3189457552,3,0.003140451286864576,O
3189457552,3,-0.0013005185803562913,O
3189457552,3,-0.00641704031091439,O
3189457552,3,-0.005733456649796076,O
1016841875,3,-0.0026950835596132316,Cl
1016841875,3,0.004197922866577941,Cl
1016841875,3,-0.010767387469976963,Cl
1016841875,3,-0.0048794099786396705,Cl
1016841875,3,-0.0004441688375934616,Cl
847957139,3,0.002346218758229046,N
847957139,3,0.05398115211274346,N
847957139,3,0.021416075843762594,N
847957139,3,0.008735435349752074,N
847957139,3,0.042095306837715785,N
2245277810,3,-0.0054261858357003145,C
2245277810,3,0.003092252271809759,C
2245277810,3,0.00692543693173564,C
2245277810,3,0.0033162942231662607,C
2245277810,3,-0.008487937672863155,C
2976816164,3,-0.0034549556554444028,C
2976816164,3,-0.000693416565147098,C
2976816164,3,0.0006976052512706055,C
2976816164,3,0.0015140171273140268,C
2976816164,3,0.0005540516222728442,C
999334238,3,0.00049791830248469,S
999334238,3,0.0010942212310217636,S
999334238,3,-0.00024699683281148577,S
999334238,3,-0.00010064195268733034,S
999334238,3,0.0007691671417399126,S
3351556771,3,-0.0022894975821025065,S
3351556771,3,-0.00241492224017803,S
3351556771,3,-0.001340843558908289,S
3351556771,3,-0.0014851557780887203,S
3351556771,3,-0.0011311030373508668,S
848128881,3,0.03176717020759234,N
848128881,3,0.028582508143437102,N
848128881,3,0.0205320637173646,N
848128881,3,0.030343488338979374,N
848128881,3,0.03898568158716709,N
2246703798,3,-0.0008598117729692323,C
2246703798,3,0.0025868122228835944,C
2246703798,3,-0.0007825960669438636,C
2246703798,3,0.03062231074650834,C
2246703798,3,0.011812702073723202,C
2245900962,3,-0.00034654383524312937,C
2245900962,3,-0.0003120150402139421,C
2245900962,3,0.0007745899481332863,C
2245900962,3,0.0002834048192097427,C
2245900962,3,0.0009022951829923409,C
847433064,3,0.002366559427508741,N
847433064,3,0.0011081186887275107,N
847433064,3,-0.00029656364279950775,N
847433064,3,0.001411185295655204,N
847433064,3,0.0024426002301801697,N
847336149,3,0.0,N
847336149,3,0.0,N
847336149,3,0.0,N
847336149,3,0.0,N
847336149,3,0.0,N
3612926680,3,0.0013126078944470931,Br
3612926680,3,0.004395675004865818,Br
3612926680,3,0.0005431470967802721,Br
3612926680,3,0.0017314019770232614,Br
3612926680,3,0.0011499964352694736,Br
1026928756,3,-0.00032509849063366847,S
1026928756,3,0.0030968703034869316,S
1026928756,3,0.00015431902709484024,S
1026928756,3,0.0009669165973414939,S
1026928756,3,0.0007454096590263637,S
864942795,3,-0.012197747691479965,O
864942795,3,0.0055172795071744,O
864942795,3,0.005036166852031343,O
864942795,3,0.013566566023926474,O
864942795,3,0.01139936917170481,O
848127915,3,0.005513358188229178,N
848127915,3,0.008987022332264893,N
848127915,3,0.009722380927342456,N
848127915,3,0.0012155996963626459,N
848127915,3,0.014381630659182076,N
849275503,3,0.0,
849275503,3,0.0,
849275503,3,0.0,
849275503,3,0.0,
849275503,3,0.0,
984189120,3,0.0016414127783744847,P
984189120,3,0.001352344367145153,P
984189120,3,0.0003909663703455246,P
984189120,3,0.0005222794542069087,P
984189120,3,0.001284368485724774,P
2246997334,3,0.04989964092151178,C
2246997334,3,0.04070724772903389,C
2246997334,3,0.01802459200156037,C
2246997334,3,0.0032147158830526656,C
2246997334,3,0.020952811422973006,C
1026654305,3,0.0006212789120073614,S
1026654305,3,0.002361239456019182,S
1026654305,3,4.7226954857593206e-05,S
1026654305,3,0.00040306261190214965,S
1026654305,3,-0.00024496283788855155,S
2865977551,3,0.0,S
2865977551,3,0.0,S
2865977551,3,0.0,S
2865977551,3,0.0,S
2865977551,3,0.0,S
319552149,3,0.0,I
319552149,3,0.0,I
319552149,3,0.0,I
319552149,3,0.0,I
319552149,3,0.0,I
1026924773,3,0.0,S
1026924773,3,0.0,S
1026924773,3,0.0,S
1026924773,3,0.0,S
1026924773,3,0.0,S
2245897107,3,0.0,C
2245897107,3,0.0,C
2245897107,3,0.0,C
2245897107,3,0.0,C
2245897107,3,0.0,C
849271271,3,0.0,
849271271,3,0.0,
849271271,3,0.0,
849271271,3,0.0,
849271271,3,0.0,
2092554703,3,0.0,
2092554703,3,0.0,
2092554703,3,0.0,
2092554703,3,0.0,
2092554703,3,0.0,
2245108812,3,0.0,
2245108812,3,0.0,
2245108812,3,0.0,
2245108812,3,0.0,
2245108812,3,0.0,
847433129,3,0.0,
847433129,3,0.0,
847433129,3,0.0,
847433129,3,0.0,
847433129,3,0.0,
4277593707,3,0.0,
4277593707,3,0.0,
4277593707,3,0.0,
4277593707,3,0.0,
4277593707,3,0.0,
1844282154,3,0.0,
1844282154,3,0.0,
1844282154,3,0.0,
1844282154,3,0.0,
1844282154,3,0.0,
4277593706,3,0.0,
4277593706,3,0.0,
4277593706,3,0.0,
4277593706,3,0.0,
4277593706,3,0.0,
847698334,3,0.0,
847698334,3,0.0,
847698334,3,0.0,
847698334,3,0.0,
847698334,3,0.0,
2114539071,3,0.0,
2114539071,3,0.0,
2114539071,3,0.0,
2114539071,3,0.0,
2114539071,3,0.0,
2850012158,3,0.0,
2850012158,3,0.0,
2850012158,3,0.0,
2850012158,3,0.0,
2850012158,3,0.0,
2850007887,3,0.0,S
2850007887,3,0.0,S
2850007887,3,0.0,S
2850007887,3,0.0,S
2850007887,3,0.0,S
984193073,3,0.0,
984193073,3,0.0,
984193073,3,0.0,
984193073,3,0.0,
984193073,3,0.0,
319552148,3,0.0,
319552148,3,0.0,
319552148,3,0.0,
319552148,3,0.0,
319552148,3,0.0,
2998938176,3,0.0,
2998938176,3,0.0,
2998938176,3,0.0,
2998938176,3,0.0,
2998938176,3,0.0,
847342868,3,0.0,
847342868,3,0.0,
847342868,3,0.0,
847342868,3,0.0,
847342868,3,0.0,
2041738475,3,0.0,
2041738475,3,0.0,
2041738475,3,0.0,
2041738475,3,0.0,
2041738475,3,0.0,
847958490,3,0.0,
847958490,3,0.0,
847958490,3,0.0,
847958490,3,0.0,
847958490,3,0.0,
999338447,3,0.0,
999338447,3,0.0,
999338447,3,0.0,
999338447,3,0.0,
999338447,3,0.0,
999602603,3,0.0,
999602603,3,0.0,
999602603,3,0.0,
999602603,3,0.0,
999602603,3,0.0,
1026654242,3,0.0,
1026654242,3,0.0,
1026654242,3,0.0,
1026654242,3,0.0,
1026654242,3,0.0,
999334236,3,0.0,
999334236,3,0.0,
999334236,3,0.0,
999334236,3,0.0,
999334236,3,0.0,
319552150,3,0.0,
319552150,3,0.0,
319552150,3,0.0,
319552150,3,0.0,
319552150,3,0.0,
847690172,3,0.0,
847690172,3,0.0,
847690172,3,0.0,
847690172,3,0.0,
847690172,3,0.0,
847867887,3,0.0,
847867887,3,0.0,
847867887,3,0.0,
847867887,3,0.0,
847867887,3,0.0,
882399119,3,0.0,
882399119,3,0.0,
882399119,3,0.0,
882399119,3,0.0,
882399119,3,0.0,
984473645,3,0.0,
984473645,3,0.0,
984473645,3,0.0,
984473645,3,0.0,
984473645,3,0.0,
1010228075,3,0.0,
1010228075,3,0.0,
1010228075,3,0.0,
1010228075,3,0.0,
1010228075,3,0.0,
2143075994,3,0.0,
2143075994,3,0.0,
2143075994,3,0.0,
2143075994,3,0.0,
2143075994,3,0.0,
2246703799,3,0.0,
2246703799,3,0.0,
2246703799,3,0.0,
2246703799,3,0.0,
2246703799,3,0.0,
3189554341,3,0.0,
3189554341,3,0.0,
3189554341,3,0.0,
3189554341,3,0.0,
3189554341,3,0.0,
3351552914,3,0.0,
3351552914,3,0.0,
3351552914,3,0.0,
3351552914,3,0.0,
3351552914,3,0.0,
3612926685,3,0.0,
3612926685,3,0.0,
3612926685,3,0.0,
3612926685,3,0.0,
3612926685,3,0.0,
UNK,3,-0.003562932194085655,
UNK,3,-0.0030768007333165093,
UNK,3,0.0016548397790616676,
UNK,3,-0.010544014249383227,
UNK,3,-0.00399443850796366,
3218693969,4,0.03693904910777379,C
3218693969,4,0.09535929171468205,C
3218693969,4,0.1487082875157525,C
3218693969,4,0.05153033201244228,C
3218693969,4,0.09128845065672453,C
3217380708,4,0.047950075735146425,C
3217380708,4,0.0628600545191168,C
3217380708,4,0.019728869957128636,C
3217380708,4,0.04528779039629616,C
3217380708,4,0.029289129682111725,C
2968968094,4,-0.004579107071420618,C
2968968094,4,-0.00164686062703423,C
2968968094,4,0.0006967328475951939,C
2968968094,4,-0.00247214067006285,C
2968968094,4,-0.00031221350053456387,C
2245384272,4,0.01208871044729698,C
2245384272,4,0.009743399715956724,C
2245384272,4,0.011335890798557124,C
2245384272,4,0.0004457086676491473,C
2245384272,4,0.0042091794228772406,C
864942730,4,0.09818711524994483,O
864942730,4,0.0882575432995728,O
864942730,4,0.11410911332910412,O
864942730,4,0.1135570551276478,O
864942730,4,0.07727243566447561,O
2246728737,4,0.10775944453523068,C
2246728737,4,0.03934022486345057,C
2246728737,4,0.07153971419117566,C
2246728737,4,0.12110690425296144,C
2246728737,4,0.10285675144705797,C
2041434490,4,0.033990499811787145,N
2041434490,4,0.0242236965979169,N
2041434490,4,0.020409705907331155,N
2041434490,4,0.03213997284015113,N
2041434490,4,0.031939295567187775,N
2246699815,4,-0.002239609617226246,C
2246699815,4,0.012854680082029613,C
2246699815,4,0.0026192570083416467,C
2246699815,4,0.013794311518418034,C
2246699815,4,0.0006481266801295904,C
2976033787,4,-0.00012701035748563516,C
2976033787,4,0.0019466562331391657,C
2976033787,4,0.0004128572748837156,C
2976033787,4,0.0013624473061021325,C
2976033787,4,-0.00022390075696132605,C
2092489639,4,-0.011885786411872545,N
2092489639,4,-0.00616543779727885,N
2092489639,4,-0.00454480723822448,N
2092489639,4,-0.00037477890400705594,N
2092489639,4,-0.004023037112790173,N
847961216,4,0.008379948821026106,N
847961216,4,0.021597787326213536,N
847961216,4,0.0161272076115605,N
847961216,4,0.02980701650186912,N
847961216,4,0.014396130602225887,N
882399112,4,0.02993869137313243,F
882399112,4,0.03662676952498389,F
882399112,4,0.012521254355983169,F
882399112,4,0.039971784420059886,F
882399112,4,0.02233457569056496,F
864674487,4,0.030784981237832243,O
864674487,4,0.01682765328017366,O
864674487,4,-0.000101832008069902,O
864674487,4,0.02568681828135888,O
864674487,4,-0.007793536344899654,O
864662311,4,0.142393427303095,O
864662311,4,0.1682890110729457,O
864662311,4,0.13854480977388295,O
864662311,4,0.23429929410024875,O
864662311,4,0.19739568350522618,O
2245273601,4,-0.0026929924812751915,C
2245273601,4,-0.012253962290751708,C
2245273601,4,-0.0033930740214924704,C
2245273601,4,-0.0143164015283882,C
2245273601,4,-0.0022596789681066376,C
2132511834,4,-0.00024611618038794525,N
2132511834,4,0.010149580959302962,N
2132511834,4,0.006056292590044143,N
2132511834,4,0.003198472155650278,N
2132511834,4,-0.002300274653775136,N
3189457552,4,0.016332341272640494,O
3189457552,4,0.010987804355045871,O
3189457552,4,0.020176821753656093,O
3189457552,4,0.021387846887041317,O
3189457552,4,0.023462206237614525,O
1016841875,4,0.06373267557553242,Cl
1016841875,4,0.09738371960665437,Cl
1016841875,4,0.0237345396759141,Cl
1016841875,4,0.10491591279046919,Cl
1016841875,4,0.06859817397090018,Cl
847957139,4,0.05595700858486807,N
847957139,4,0.07146278404859607,N
847957139,4,0.033855715424405575,N
847957139,4,0.023790575660741387,N
847957139,4,0.03774291526923956,N
2245277810,4,-0.025017322285270427,C
2245277810,4,-0.021662914119061294,C
2245277810,4,-0.018591155173179108,C
2245277810,4,-0.026632339514933046,C
2245277810,4,-0.012474660707787799,C
2976816164,4,-0.011612817559756516,C
2976816164,4,-0.020043755019262144,C
2976816164,4,-0.008698097793438664,C
2976816164,4,-0.014041428902867747,C
2976816164,4,-0.006711492786829032,C
999334238,4,0.0030177197820365764,S
999334238,4,-6.748633407671623e-05,S
999334238,4,0.003084147801367787,S
999334238,4,0.009973022235496676,S
999334238,4,0.0040239700321563765,S
3351556771,4,-0.002389522945390854,S
3351556771,4,-0.00281865414513216,S
3351556771,4,-0.0009643699186613341,S
3351556771,4,0.0018054402686130677,S
3351556771,4,-0.004733062686767542,S
848128881,4,0.021525896044996662,N
848128881,4,0.02225139869228443,N
848128881,4,0.029671939119814583,N
848128881,4,0.04512027718480538,N
848128881,4,0.03679948801185062,N
2246703798,4,-0.004932687960435556,C
2246703798,4,-0.03286725263446133,C
2246703798,4,-0.027708934360209603,C
2246703798,4,-0.005009913864206683,C
2246703798,4,-0.01915253420122809,C
2245900962,4,9.968032152984918e-05,C
2245900962,4,0.0014269028562635677,C
2245900962,4,-0.0003548295630536602,C
2245900962,4,-6.41815827868708e-05,C
2245900962,4,0.00018365464198555337,C
847433064,4,0.0018832503762425956,N
847433064,4,0.0010676386958470285,N
847433064,4,0.005717497604542543,N
847433064,4,0.00020684830457640135,N
847433064,4,0.0033979039797676913,N
847336149,4,-0.01447896090601708,N
847336149,4,-0.01562905914363344,N
847336149,4,-0.022958164245429624,N
847336149,4,-0.027375917561867635,N
847336149,4,-0.00038885688940026863,N
3612926680,4,0.013601614045156585,Br
3612926680,4,0.006811871275932191,Br
3612926680,4,0.005275128981724442,Br
3612926680,4,0.010923434683123623,Br
3612926680,4,0.029363370015260903,Br
1026928756,4,-0.017541210385006,S
1026928756,4,0.007775415317208378,S
1026928756,4,-0.01266097062960625,S
1026928756,4,-0.009838727070301423,S
1026928756,4,-0.012514697540966346,S
864942795,4,0.01544401962611286,O
864942795,4,-0.0009346735308159992,O
864942795,4,-0.0036084676905573376,O
864942795,4,0.0028626415903073577,O
864942795,4,0.004416921200284474,O
848127915,4,0.007730623946930804,N
848127915,4,0.00361580346565904,N
848127915,4,0.002551560175622858,N
848127915,4,-0.003225950446927306,N
848127915,4,0.010482212789912349,N
849275503,4,0.0,
849275503,4,0.0,
849275503,4,0.0,
849275503,4,0.0,
849275503,4,0.0,
984189120,4,0.0,P
984189120,4,0.0,P
984189120,4,0.0,P
984189120,4,0.0,P
984189120,4,0.0,P
2246997334,4,0.015738787304254376,C
2246997334,4,0.030650722484810267,C
2246997334,4,0.01703454147649952,C
2246997334,4,0.006291858892324975,C
2246997334,4,0.011029634428690982,C
1026654305,4,0.0,S
1026654305,4,0.0,S
1026654305,4,0.0,S
1026654305,4,0.0,S
1026654305,4,0.0,S
2865977551,4,0.0,S
2865977551,4,0.0,S
2865977551,4,0.0,S
2865977551,4,0.0,S
2865977551,4,0.0,S
319552149,4,0.00016636506188894007,I
319552149,4,-3.265608487734717e-06,I
319552149,4,-0.00011368590059601669,I
319552149,4,0.0019296197417096872,I
319552149,4,0.0018983128009079087,I
1026924773,4,5.911159337024241e-05,S
1026924773,4,0.0009446666847496843,S
1026924773,4,0.0005125754007139216,S
1026924773,4,0.0006102461490683497,S
1026924773,4,0.000304017684163882,S
2245897107,4,0.0,C
2245897107,4,0.0,C
2245897107,4,0.0,C
2245897107,4,0.0,C
2245897107,4,0.0,C
849271271,4,0.0,
849271271,4,0.0,
849271271,4,0.0,
849271271,4,0.0,
849271271,4,0.0,
2092554703,4,0.0,
2092554703,4,0.0,
2092554703,4,0.0,
2092554703,4,0.0,
2092554703,4,0.0,
2245108812,4,0.0,
2245108812,4,0.0,
2245108812,4,0.0,
2245108812,4,0.0,
2245108812,4,0.0,
847433129,4,0.0,
847433129,4,0.0,
847433129,4,0.0,
847433129,4,0.0,
847433129,4,0.0,
4277593707,4,0.0,
4277593707,4,0.0,
4277593707,4,0.0,
4277593707,4,0.0,
4277593707,4,0.0,
1844282154,4,0.0,
1844282154,4,0.0,
1844282154,4,0.0,
1844282154,4,0.0,
1844282154,4,0.0,
4277593706,4,0.0,
4277593706,4,0.0,
4277593706,4,0.0,
4277593706,4,0.0,
4277593706,4,0.0,
847698334,4,0.0,
847698334,4,0.0,
847698334,4,0.0,
847698334,4,0.0,
847698334,4,0.0,
2114539071,4,0.0,
2114539071,4,0.0,
2114539071,4,0.0,
2114539071,4,0.0,
2114539071,4,0.0,
2850012158,4,0.0,
2850012158,4,0.0,
2850012158,4,0.0,
2850012158,4,0.0,
2850012158,4,0.0,
2850007887,4,0.00020563986350163876,S
2850007887,4,0.0006786910612816,S
2850007887,4,-2.0306649650692066e-06,S
2850007887,4,0.00020658755614122448,S
2850007887,4,0.0007659788724504457,S
984193073,4,0.0,
984193073,4,0.0,
984193073,4,0.0,
984193073,4,0.0,
984193073,4,0.0,
319552148,4,0.0,
319552148,4,0.0,
319552148,4,0.0,
319552148,4,0.0,
319552148,4,0.0,
2998938176,4,0.0,
2998938176,4,0.0,
2998938176,4,0.0,
2998938176,4,0.0,
2998938176,4,0.0,
847342868,4,0.0,
847342868,4,0.0,
847342868,4,0.0,
847342868,4,0.0,
847342868,4,0.0,
2041738475,4,0.0,
2041738475,4,0.0,
2041738475,4,0.0,
2041738475,4,0.0,
2041738475,4,0.0,
847958490,4,0.0,
847958490,4,0.0,
847958490,4,0.0,
847958490,4,0.0,
847958490,4,0.0,
999338447,4,0.0,
999338447,4,0.0,
999338447,4,0.0,
999338447,4,0.0,
999338447,4,0.0,
999602603,4,0.0,
999602603,4,0.0,
999602603,4,0.0,
999602603,4,0.0,
999602603,4,0.0,
1026654242,4,0.0,
1026654242,4,0.0,
1026654242,4,0.0,
1026654242,4,0.0,
1026654242,4,0.0,
999334236,4,0.0,
999334236,4,0.0,
999334236,4,0.0,
999334236,4,0.0,
999334236,4,0.0,
319552150,4,0.0,
319552150,4,0.0,
319552150,4,0.0,
319552150,4,0.0,
319552150,4,0.0,
847690172,4,0.0,
847690172,4,0.0,
847690172,4,0.0,
847690172,4,0.0,
847690172,4,0.0,
847867887,4,0.0,
847867887,4,0.0,
847867887,4,0.0,
847867887,4,0.0,
847867887,4,0.0,
882399119,4,0.0,
882399119,4,0.0,
882399119,4,0.0,
882399119,4,0.0,
882399119,4,0.0,
984473645,4,0.0,
984473645,4,0.0,
984473645,4,0.0,
984473645,4,0.0,
984473645,4,0.0,
1010228075,4,0.0,
1010228075,4,0.0,
1010228075,4,0.0,
1010228075,4,0.0,
1010228075,4,0.0,
2143075994,4,0.0,
2143075994,4,0.0,
2143075994,4,0.0,
2143075994,4,0.0,
2143075994,4,0.0,
2246703799,4,0.0,
2246703799,4,0.0,
2246703799,4,0.0,
2246703799,4,0.0,
2246703799,4,0.0,
3189554341,4,0.0,
3189554341,4,0.0,
3189554341,4,0.0,
3189554341,4,0.0,
3189554341,4,0.0,
3351552914,4,0.0,
3351552914,4,0.0,
3351552914,4,0.0,
3351552914,4,0.0,
3351552914,4,0.0,
3612926685,4,0.0,
3612926685,4,0.0,
3612926685,4,0.0,
3612926685,4,0.0,
3612926685,4,0.0,
UNK,4,0.0,
UNK,4,0.0,
UNK,4,0.0,
UNK,4,0.0,
UNK,4,0.0,
